"LineNum","Text"
"809","public a();"
"21738","private void A();"
"22174","private void A(int);"
"23653","private void B();"
"23710","private void B(int);"
"23824","private final void C();"
"24410","private void C(int);"
"24474","private final void D();"
"24650","private void D(int);"
"24728","private void E();"
"24874","private void E(int);"
"24952","private void F();"
"24989","private void F(int);"
"25021","private void G();"
"25821","private void G(int);"
"25885","private void H();"
"25893","private void H(int);"
"25916","private void I();"
"26108","private void I(int);"
"26134","private void J();"
"27320","private void K();"
"27492","private void L();"
"27615","private void M();"
"28083","private void N();"
"28177","private void O();"
"28305","private void P();"
"28371","private void Q();"
"28471","private void R();"
"28846","private void S();"
"29194","private void T();"
"29268","private void U();"
"29391","private void V();"
"29539","private void W();"
"30206","private final void X();"
"31225","private final void Y();"
"32309","private void Z();"
"32583","private final int a();"
"32592","private int a(int);"
"32602","private int a(int, int);"
"32624","private int a(int, int, int);"
"32756","private int a(int, int, int, int);"
"32804","private int a(int, byte[], int);"
"32915","private static java.lang.String a(java.io.DataInputStream);"
"32969","private static java.lang.String a(java.lang.String);"
"32998","private static short a(java.io.InputStream);"
"33018","private void a();"
"33043","private void a(byte);"
"33074","private void a(int);"
"33102","private void a(int, int);"
"33258","private void a(int, int, int);"
"33287","private void a(int, int, int, byte, int, boolean);"
"33467","private void a(int, int, int, int);"
"33712","private void a(int, int, int, int, int);"
"33757","private void a(int, int, int, int, int, int);"
"33814","private void a(int, int, int, int, int, int, int);"
"34077","private void a(int, int, int, int, int, int, int, int);"
"34741","private void a(int, int, int, int, boolean);"
"34809","private void a(int, int, int, boolean);"
"34940","private final void a(int, int, boolean);"
"34997","private void a(java.lang.String);"
"35018","private void a(java.lang.String, int, int);"
"35080","private final void a(java.lang.String, int, int, int, int, int);"
"35149","private void a(javax.microedition.lcdui.Image, int, int, int);"
"35167","private void a(javax.microedition.lcdui.Image, int, int, int, int);"
"35233","private void a(javax.microedition.lcdui.Image, int, int, int, int, int);"
"35352","private void a(javax.microedition.lcdui.Image, int, int, int, int, int, int);"
"35387","private void a(javax.microedition.lcdui.Image, int, int, int, int, int, int, int);"
"35659","private void a(javax.microedition.lcdui.Image, int, int, int, int, int, int, int, int);"
"35767","private void a(javax.microedition.lcdui.Image, int, int, int, int, int, int, int, int, int);"
"36082","private void a(javax.microedition.lcdui.Image, int, int, int, boolean);"
"36128","private void a(javax.microedition.lcdui.Image, javax.microedition.lcdui.Image, int, int, int, int, int);"
"36632","private void a(javax.microedition.lcdui.Image, javax.microedition.lcdui.Image, javax.microedition.lcdui.Image, int, int, int, int);"
"36789","private void a(boolean);"
"37086","private void a(byte[]);"
"37115","private final void a(char[], int, int, int, int, int, int, boolean);"
"37676","private static void a(int[], int[][], int, int);"
"37797","private final boolean a();"
"38294","private static boolean a(int);"
"38310","private boolean a(int, int);"
"38451","private boolean a(int, int, int);"
"38630","private boolean a(int, int, int, int, int);"
"38653","private static boolean a(int, int, int, int, int, int);"
"38683","private boolean a(int, int, int, boolean);"
"38850","private void aa();"
"39039","private void ab();"
"39096","private void ac();"
"39318","private void ad();"
"39479","private void ae();"
"39539","private void af();"
"39585","private void ag();"
"40595","private void ah();"
"40809","private void ai();"
"41142","private void aj();"
"41317","private void ak();"
"42192","private void al();"
"42705","private void am();"
"42862","private void an();"
"42972","private void ao();"
"43158","private void ap();"
"43371","private void aq();"
"43518","private final void ar();"
"43714","private final void as();"
"44041","private void at();"
"44050","private void au();"
"44128","private void av();"
"44161","private final void aw();"
"44315","private void ax();"
"44489","private void ay();"
"44520","private int b();"
"44558","private int b(int);"
"44618","private int b(int, int);"
"44644","private int b(int, int, int);"
"44781","private static int b(int, int, int, int);"
"44812","private java.lang.String b(java.lang.String);"
"44851","private void b();"
"44858","private void b(int);"
"44896","private void b(int, int);"
"44970","private final void b(int, int, int);"
"45119","private void b(int, int, int, int);"
"45253","private void b(int, int, int, int, int);"
"45361","private void b(int, int, int, int, int, int);"
"45494","private void b(int, int, int, int, int, int, int, int);"
"46072","private void b(int, int, int, int, boolean);"
"46173","private static void b(java.lang.String);"
"46211","private void b(javax.microedition.lcdui.Image, int, int, int);"
"46295","private void b(javax.microedition.lcdui.Image, int, int, int, int);"
"46398","private void b(javax.microedition.lcdui.Image, int, int, int, int, int, int, int, int);"
"46735","private final boolean b();"
"46872","private boolean b(int);"
"46917","private boolean b(int, int);"
"46965","private int c();"
"46983","private static int c(int);"
"47025","private int c(int, int);"
"47072","private int c(int, int, int);"
"47140","private void c();"
"47150","private void c(int);"
"47283","private void c(int, int);"
"47430","private void c(int, int, int);"
"47492","private void c(int, int, int, int);"
"47619","private void c(int, int, int, int, int);"
"47947","private void c(int, int, int, int, int, int);"
"48649","private final void c(int, int, int, int, boolean);"
"48817","private void c(java.lang.String);"
"48849","private void c(javax.microedition.lcdui.Image, int, int, int);"
"48870","private final boolean c();"
"48962","private boolean c(int);"
"48985","private boolean c(int, int);"
"49012","private int d();"
"49770","private int d(int);"
"49823","private static int d(int, int, int);"
"49832","private void d();"
"49920","private void d(int);"
"49968","private void d(int, int);"
"50178","private void d(int, int, int);"
"50239","private void d(int, int, int, int);"
"50564","private void d(int, int, int, int, int);"
"50588","private void d(int, int, int, int, int, int);"
"50965","private void d(javax.microedition.lcdui.Image, int, int, int);"
"51092","private boolean d();"
"51115","private boolean d(int);"
"51522","private boolean d(int, int);"
"51548","private static final int e(int);"
"51607","private void e();"
"51626","private final void e(int);"
"51668","private void e(int, int);"
"51760","private void e(int, int, int);"
"51786","private void e(int, int, int, int);"
"51915","private void e(int, int, int, int, int);"
"51985","private void e(javax.microedition.lcdui.Image, int, int, int);"
"52131","private boolean e();"
"52162","private boolean e(int);"
"52596","private boolean e(int, int);"
"52623","private void f();"
"52810","private void f(int);"
"52907","private void f(int, int);"
"54098","private void f(int, int, int);"
"54893","private void f(int, int, int, int);"
"55274","private final void f(int, int, int, int, int);"
"55531","private void f(javax.microedition.lcdui.Image, int, int, int);"
"55568","private boolean f();"
"55582","private static boolean f(int);"
"55612","private boolean f(int, int);"
"55639","private void g();"
"55745","private void g(int);"
"55990","private void g(int, int);"
"56218","private void g(int, int, int);"
"56244","private void g(int, int, int, int);"
"56474","private void g(int, int, int, int, int);"
"56568","private boolean g();"
"56750","private static boolean g(int);"
"56765","private boolean g(int, int);"
"56792","private void h();"
"56921","private void h(int);"
"56997","private void h(int, int);"
"57567","private void h(int, int, int);"
"57670","private void h(int, int, int, int);"
"57955","private void h(int, int, int, int, int);"
"58225","private boolean h(int);"
"58243","private boolean h(int, int);"
"58289","private void i();"
"58335","private void i(int);"
"58471","private void i(int, int);"
"58568","private void i(int, int, int);"
"58618","private void i(int, int, int, int);"
"58898","private boolean i(int);"
"58935","private boolean i(int, int);"
"58976","private void j();"
"59214","private void j(int);"
"59290","private void j(int, int);"
"59409","private void j(int, int, int);"
"59500","private boolean j(int);"
"59524","private boolean j(int, int);"
"59555","private void k();"
"59616","private void k(int);"
"59729","private void k(int, int);"
"59831","private void k(int, int, int);"
"59907","private boolean k(int, int);"
"59936","private void l();"
"60662","private final void l(int);"
"61102","private void l(int, int);"
"61126","private void l(int, int, int);"
"61176","private boolean l(int, int);"
"61206","private void m();"
"62324","private void m(int);"
"62374","private void m(int, int);"
"62466","private void m(int, int, int);"
"62701","private boolean m(int, int);"
"62729","private void n();"
"62827","private final void n(int);"
"62891","private void n(int, int);"
"62969","private void n(int, int, int);"
"63105","private boolean n(int, int);"
"63136","private void o();"
"63193","private void o(int);"
"63335","private void o(int, int);"
"63434","private void o(int, int, int);"
"63547","private boolean o(int, int);"
"63576","private void p();"
"63618","private void p(int);"
"63707","private void p(int, int);"
"63815","private void p(int, int, int);"
"63892","private boolean p(int, int);"
"63923","private void q();"
"64708","private void q(int);"
"64976","private void q(int, int);"
"65304","private void q(int, int, int);"
"65330","private boolean q(int, int);"
"65359","private void r();"
"65536","private void r(int);"
"65987","private void r(int, int, int);"
"66071","private void s();"
"66474","private void s(int);"
"66656","private void s(int, int, int);"
"66670","private void t();"
"67220","private void t(int);"
"67471","private void t(int, int, int);"
"67568","private void u();"
"68042","private void u(int);"
"68055","private void u(int, int, int);"
"68214","private void v();"
"68991","private void v(int);"
"69017","private void v(int, int, int);"
"69767","private final void w();"
"69910","private void w(int);"
"70365","private void w(int, int, int);"
"70865","private void x();"
"71014","private void x(int);"
"71039","private void y();"
"71299","private void y(int);"
"72869","private void z();"
"73425","private void z(int);"
"74070","public final void hideNotify();"
"74171","public final void keyPressed(int);"
"74248","public final void keyReleased(int);"
"74258","public final void paint(javax.microedition.lcdui.Graphics);"
"74299","public final void run();"
"74441","public final void showNotify();"
